audio,transcription
segments_ffmpeg\MYP_00405_00000.wav,"어이 해피야, 라이프치히 측면 정도는 가볍게 허물 수 있지?"
segments_ffmpeg\MYH_10478_00001.wav,그런데 C10이라는 이 셀은
segments_ffmpeg\MYS_08967_00002.wav,그리고 저의 고쳐될 점을 발견했기 때문에.
segments_ffmpeg\KNG_06314_00003.wav,앞서 경찰청 특별수사본부는 김 청장을 업무상 과실치사상 혐의로 지난 13일 검찰에 불구속 송치했습니다.
segments_ffmpeg\MYC_08986_00004.wav,하면서 계단 2 3 4 새끼손가락 자 여기 끝에는 12번입니다.
segments_ffmpeg\KNB_06064_00005.wav,최대 매수 종목이 삼성전자인데 10조 원 이상 사들이며 외국인 매수에 78퍼센트를 차지했습니다.
segments_ffmpeg\MYA_06911_00006.wav,랩터스는 파스칼시아캄에게 맥스 계약을 줄 생각이 없고 파스칼시아캄은 어쨌든 랩터스에 남아야 더 좋은 조건의 계약을 받기 때문에 현재 트레이드가 된다고 한다면 어쩔 수 없지만 내가 트레이드가 되는 팀과는 연장 계약을 맺지 않을 것이라고 이야기를 하는 거잖아요.
segments_ffmpeg\MYN_07602_00007.wav,자 오늘 영상이 도움이 되셨다면요.
segments_ffmpeg\KNA_11483_00008.wav,자유 세계의 공고한 연대가 결국 한반도와 우크라이나에 평화를 정착시키고 자유의 승리를 안겨다 주리라고 저는 확신합니다.
segments_ffmpeg\MYS_08967_00009.wav,말을 안 해서 그랬나 봐요..
segments_ffmpeg\MYT_12105_00010.wav,안주 먹어 얼른.
segments_ffmpeg\KNJ_03518_00011.wav,이후에 기상 전망은 어떻게 예보가 되고 있습니까.
segments_ffmpeg\MYJ_02320_00012.wav,물이 나옵니다.
segments_ffmpeg\MYE_05229_00013.wav,"그다음에 근로자가 자 이 근로자는 뭐 정직원, 알바 뭐 파트 뭐 그런 거 구분하지 않습니다."
segments_ffmpeg\MYF_11912_00014.wav,네. 싫어하는 향수가 딥디크 도손입니다.
segments_ffmpeg\MYN_07602_00015.wav,우리가 살아가는 생활 환경이 달라졌다라는 거 그래서 이제는 의류를 수납하는 방법도 달라져야만 하는 때입니다.
segments_ffmpeg\MYQ_13422_00016.wav,지뽀야 숙제하니 아 아니 얘가 얘가 또 하루 종일 핸드폰만 하는 거야 등짝 스매싱
segments_ffmpeg\MYQ_13422_00017.wav,여러분 심리 테스트로 다시 실시간 킨 지뽀입니다 지금 당신은 혼자 등산을 하다 숲 한 가운데에서 길을 잃었습니다 한참을 헤매다 드디어 오두막집 한 채를 발견하게 됩니다.
segments_ffmpeg\KNH_00407_00018.wav,이에 따라 대구시는 즉시 항고를 검토 중이라고 밝혔습니다.
segments_ffmpeg\MYN_07602_00019.wav,자 여러분 다음 영상에서 또 뵙기로 해요.
segments_ffmpeg\MYT_12105_00020.wav,아니 아닙니다.
segments_ffmpeg\KNA_11483_00021.wav,북핵 미사일 위협을 가치 공유 국가들과 연대해 억지하고 우크라이나 재건 노력도 함께 해나가겠단 겁니다.
segments_ffmpeg\MYT_12105_00022.wav,왜 자꾸 쪼개는 거야 지금?
segments_ffmpeg\KNG_06314_00023.wav,검찰이 서울 경찰청에 검사와 수사관을 보내 이태원 참사 전후의 업무 관련 기록을 확보하고 있습니다.
segments_ffmpeg\MYA_06911_00024.wav,하지만 랩터스는 본인들을 이끌 미래의 주역으로
segments_ffmpeg\KNB_06064_00025.wav,두 번째는 하이닉스였습니다.
segments_ffmpeg\KNF_09883_00026.wav,유 씨는 또 마약 한 걸 후회한다고 말하기도 했습니다.
segments_ffmpeg\MYG_08068_00027.wav,그리고 이 체크 크롭은 여기에 원래 입을 생각은 없었는데 옷 갈아입다 보니까.
segments_ffmpeg\KNI_01352_00028.wav,경기 종료 33초 전 이대성이 쐐기 포를 적중시킨 한국가스공사가 KCC를 꺾고 3연패에서 탈출했습니다.
segments_ffmpeg\KNC_02465_00029.wav,오후 들어 말레이시아 경찰의 호송 차량이 등장하고 폴리스라인이 쳐지더니 대사관 직원들이 평양으로 가져갈 것으로 보이는 짐과 여행가방들을 싣습니다.
segments_ffmpeg\MYB_01567_00030.wav,자 일단 이렇게 들어가서 보면은 어 소르베가 올 풀이라고 하더라도 호루라기가 있기 때문에 피해 감소 20퍼센트가 더 붙거든요.
segments_ffmpeg\KNC_02465_00031.wav,이어 강 대사는 리동일 북한 대표단 대표의 배웅을 받으며 별도의 입장 발표 없이 대사관을 나섰습니다.
segments_ffmpeg\MYN_07602_00032.wav,자 좋아요 눌러 주시구요.
segments_ffmpeg\KNF_09883_00033.wav,경찰 수사 과정에서 대마를 제외한 마약투약 혐의를 강하게 부인했던 것과는 다른 모습이었습니다.
segments_ffmpeg\MYF_11912_00034.wav,조말론의 블랙 베리 엔 베이 어 이런 상큼 상큼한 과일 요런 거
segments_ffmpeg\MYA_06911_00035.wav,트레이드될 거라고 생각을 합니다.
segments_ffmpeg\MYD_05969_00036.wav,단순한 대사 실수라고 보기엔 잠깐의 속마음을 들은 것 같은 느낌인데 제임스 카메론 감독은 이 대사 실수를 굉장히 마음에 들어했고 이 장면은 그대로 영화에 쓰여졌다.
segments_ffmpeg\MYJ_02320_00037.wav,이렇게 항상 열어 주셔야 돼요 샤워를 할 때는
segments_ffmpeg\KNE_00307_00038.wav,주제에 따라 나뉜 책장에서 자유롭게 시집을 꺼내 읽고
segments_ffmpeg\MYN_07602_00039.wav,자 앞으로도 유익한 영상 계속 받아 보실 수 있거든요.
segments_ffmpeg\MYN_07602_00040.wav,여러분의 일상을 편리하고 또 여러분이 생활을 가볍게 정말 미니멀 라이프 하게 보내고 싶으신 분들은 한번 생각을 해 보시고 실천을 꼭 해 보세요.
segments_ffmpeg\MYQ_13422_00041.wav,꺄아아악 여러분 몰폰하다 엄마한테 걸렸어요 잠깐 실시간 꺼요.
segments_ffmpeg\MYJ_02320_00042.wav,야채부터 시작해서 어 모든 게 편리하게 쓸 수 있으니까 이렇게 이제 요거를 이렇게 닫으시면 물이 안 나옵니다.
segments_ffmpeg\KND_00161_00043.wav,결론은 빠르면 60일 안에 나오지만 조사 기간은 연장될 수 있습니다.
segments_ffmpeg\MYK_01724_00044.wav,왼발날 바깥쪽 오른 허벅지 안쪽 깊숙이 오른 발날 바깥쪽 왼쪽 허벅지 안쪽 깊숙이 빠르마 파르가타 깍지 껴서 뒤집어 천장
segments_ffmpeg\MYT_12105_00045.wav,왜 자꾸 웃어?
segments_ffmpeg\MYT_12105_00046.wav,왜 웃어 왜 쪼개는 거야?
segments_ffmpeg\MYE_05229_00047.wav,주 20시간 그러면 첫 번째 단계 통과예요. 그렇죠?
segments_ffmpeg\MYN_07602_00048.wav,인출식 바지 걸이를 철거하고 옷봉 설치해서 어 남편분의 모든 옷을 수납을 해 드렸어요.
segments_ffmpeg\KNJ_03518_00049.wav,네 지금 이제 이 이후에 이제 산불 완진까지 좀 비가 더 많이 내려서 이제 이런 산불 위험이 없도록 했으면 하는 게 가장 뭐 큰 바람이겠죠.
segments_ffmpeg\KND_00161_00050.wav,서울대는 오늘 연구진 실성위원회를 비공개로 열고 조사에 착수했습니다.
segments_ffmpeg\MYM_01310_00051.wav,그냥 손으로 집어 먹을뻔했네요.
segments_ffmpeg\MYI_13741_00052.wav,그럼 이 차량은 어떤 분들이 구입하시면 좋을까요?
segments_ffmpeg\KNC_02465_00053.wav,추방 조치에 대한 입장은 무엇입니까?
segments_ffmpeg\MYI_13741_00054.wav,아무래도
segments_ffmpeg\MYK_01724_00055.wav,"손 제자리 척추 뼈 위에서부터 천천히 제자리 150도, 120도, 90도, 60도, 45도, 30도, 사바아사나 왼쪽으로 돌아눕습니다."
segments_ffmpeg\MYJ_02320_00056.wav,물 세기는 굉장히 좋죠.
segments_ffmpeg\MYJ_02320_00057.wav,이러면 어 뭐든지 편리하게 씻을 수가 있어요.
segments_ffmpeg\MYT_12105_00058.wav,사촌 오빠가 각종 약물을 막 해.
segments_ffmpeg\KNE_00307_00059.wav,호수 옆 숲 속의 아담한 건물 자연과 어우러진 이곳은 시집으로 채워진 도서관입니다.
segments_ffmpeg\MYH_10478_00060.wav,구성비는 각각의 클레임 유형이 합계 중에서 몇 퍼센트를 차지하는지를 데이터로 만들면 되겠습니다.
segments_ffmpeg\MYN_07602_00061.wav,그리고 고 옆에 알람 설정도 해 놓으세요.
segments_ffmpeg\MYI_13741_00062.wav,지금 급격한 코너링인데요.
segments_ffmpeg\KNE_00307_00063.wav,전북 전주에서 운영되고 있습니다. 진유민 기자가 소개합니다.
segments_ffmpeg\MYD_05969_00064.wav,쇼파 대신 침대라고 한 번 잘못 말해 버린다.
segments_ffmpeg\KNG_06314_00065.wav,김 청장은 서울 지역 치안 최고 책임자로서 사고 전후 부실하게 대응해 피해를 키웠다는 혐의를 받고 있습니다.
segments_ffmpeg\MYL_06535_00066.wav,예 불을 약간 강 불로 하고요.
segments_ffmpeg\KNI_01352_00067.wav,3연승으로 단독 3위로 올라선 현대모비스 조동현 감독은 쌍둥이 맞대결에서도 2승 2패로 팽팽히 맞서게 됐습니다.
segments_ffmpeg\MYH_10478_00068.wav,등호 표시를 하고 C4 셀을 지정합니다.
segments_ffmpeg\MYS_08967_00069.wav,아무튼 그래서 이젠 좀 익숙해졌어요.
segments_ffmpeg\KNJ_03518_00070.wav,이 비는 비구름 따라 계속해서 남쪽으로 내려가면서 점차 그칠 전망입니다.
segments_ffmpeg\MYP_00405_00071.wav,이봐 디카프리오. 리그를 넘어 챔프 득점왕까지 가능하겠지?
segments_ffmpeg\MYT_12105_00072.wav,어 뭐야 그거 아직도 해?
segments_ffmpeg\MYP_00405_00073.wav,홀란드라고 홀란드.
segments_ffmpeg\KNB_06064_00074.wav,반도체주 강세에 코스피도 2590선에 바짝 다가섰습니다.
segments_ffmpeg\MYI_13741_00075.wav,아 어떤 점에서는 내가 후륜차를 타고 있나 이런 느낌까지 자아낸 다는 점에서 전혀 기대하지 않았던 즐거움이라고 할까요?
segments_ffmpeg\MYD_05969_00076.wav,여기에서 원래 대본대로라면 잭은 옷을 벗은 로즈에게 쇼파에 누워 달라고 말을 해야 하지만
segments_ffmpeg\MYH_10478_00077.wav,나누기 합계가 들어있는 C10 셀을 선택하면 됩니다.
segments_ffmpeg\KNA_11483_00078.wav,서방 주요국 정상들과의 연이은 회담 일정을 마무리한 뒤 열린 첫 국무회의 윤석열 대통령은 우리 외교가 자유와 법치를 지향한단 점을 분명히 했습니다.
segments_ffmpeg\MYC_08986_00079.wav,토스 내려주고
segments_ffmpeg\MYP_00405_00080.wav,자자 저기 어디는 고작 2부 리그 팀을 잡고 16강을 진출한 반면 우리 맨시티는 무려 아스널 잡고 16강에 진출했다.
segments_ffmpeg\KNC_02465_00081.wav,시신 부검 등에 반발하며 말레이시아 정부를 비난해온 강철 대사가 추방 통보를 받은 지 46시간 만에 이곳 대사관을 빠져나갔습니다.
segments_ffmpeg\MYS_08967_00082.wav,말을 하니까 좀 더 친해진 기분?
segments_ffmpeg\MYM_01310_00083.wav,그러네요.
segments_ffmpeg\MYP_00405_00084.wav,한 경기 한 경기 중요한 토너먼트에선.
segments_ffmpeg\MYL_06535_00085.wav,물이 적으면은 방풍이 속에 있는 방풍은 시커멓게 돼부러요.
segments_ffmpeg\MYG_08068_00086.wav,소재가 가벼워서 색감이 어두워도 답답해 보이지 않아요.
segments_ffmpeg\MYT_12105_00087.wav,부담 갖고 눈치 보지 마.
segments_ffmpeg\MYI_13741_00088.wav,아마 여러분들도 타 보신다면 이러한 즐거움에 대해서 공감하실 것 같아요.
segments_ffmpeg\MYF_11912_00089.wav,불가리 옵니야 아메시스트 버버리 브리포홀 산타마리아 노벨라에 어 이런 그 프리지아 요런 것도 또 입으셨고
segments_ffmpeg\MYP_00405_00090.wav,챔스 16강 상대인 라이프치히가 만만하다고 생각하셨다면 그야말로 경기도 오산입니다.
segments_ffmpeg\MYL_06535_00091.wav,이 방풍 이거 데칠 때는 물을 좀 많이 잡아야 되거든요.
segments_ffmpeg\KNF_09883_00092.wav,혐의에 대한 상당 부분 인정하고 있고요.
segments_ffmpeg\KNB_06064_00093.wav,주가를 끌어올린 건 외국인 올해 들어 외국인 투자자의 코스피 순매수 규모는 13조 원이 넘습니다.
segments_ffmpeg\MYG_08068_00094.wav,깔별로 쟁이는 거 국룰이죠 진짜 요즘 밝은색만 입다가 검은 원피스 오랜만에 입었는데 어우 느낌이 색다르더라고요.
segments_ffmpeg\MYN_07602_00095.wav,어 그다음에 아직 구독 안 하신 분 빨리 구독 눌르세요.
segments_ffmpeg\KNC_02465_00096.wav,선생님 한 말씀만 해주십시오.
segments_ffmpeg\KNH_00407_00097.wav,하지만 방역 당국은 오미크론 변이의 확산세를 볼 때 백신 접종 여부를 확인하는 방역 패스가 필요한 상황이라며 법원 결정에 난색을 표했습니다.
segments_ffmpeg\MYR_01826_00098.wav,그래서 너무 긴 시점 이후까지 보험으로 다 대비 받고자라고 하는 게 사실 불가능한 플랜일 수 있다 그런 생각을 하는 거죠.
segments_ffmpeg\MYP_00405_00099.wav,제가 분데스에서 뛰었을 적에 그러니까 도르트문트 시절...
segments_ffmpeg\MYL_06535_00100.wav,끓이는 시점부텁니다.
segments_ffmpeg\MYT_12105_00101.wav,안주 먹어 안주.
segments_ffmpeg\MYO_01585_00102.wav,화면 녹화해서 전체 화면 이렇게 다른 프로그램을 사용하지 않고 브루 내에서 화면 녹화 및 음성 녹음을 하실 수 있어요.
segments_ffmpeg\MYP_00405_00103.wav,네가 아무리 골 냄새 하나만큼은 기가 막히게 맡는다 해도 최근 들어 좀 부진하지 않던가?
segments_ffmpeg\KND_00161_00104.wav,대신 최초 의혹을 제기한 유튜브에 댓글을 달았는데 사과의 뜻을 밝히면서도 제1 저자가 알아서 한 일이라는 비슷한 입장을 밝혔습니다.
segments_ffmpeg\MYH_10478_00105.wav,누적 구성비를 추가하도록 하겠습니다.
segments_ffmpeg\MYT_12105_00106.wav,남자 친구가 어떤 반응을 할지
segments_ffmpeg\MYS_08967_00107.wav,이 카메라와 얘기하는 것. 당신들과 이야기를 나누는 것.
segments_ffmpeg\MYM_01310_00108.wav,죄송하지만 문의는 디엠으로 정중하게
segments_ffmpeg\MYM_01310_00109.wav,아니 이 이 샐러드가 무슨 디엠으로 버르장머리 없은 질문은 안 봤거든요.
segments_ffmpeg\MYN_07602_00110.wav,요게 익숙치 않은 방법이라 아 조금 당황스러울 수 수 있는데 여러분 이거를 꼭 인지를 하세요.
segments_ffmpeg\KNH_00407_00111.wav,현 방역 상황과
segments_ffmpeg\MYL_06535_00112.wav,그래서 물 좀 많이 잡고 데쳐야 됩니다.
segments_ffmpeg\MYO_01585_00113.wav,이렇게 새로 만들기 탭에서는 영상을 직접 가져올 수도 있고요.
segments_ffmpeg\KNF_09883_00114.wav,뭐 공범을 도피시키는 그런 일은 전혀 시도할 때 불구 않았습니다.
segments_ffmpeg\MYP_00405_00115.wav,월월.
segments_ffmpeg\KNI_01352_00116.wav,LG 이관희가 작전대로 3점 슛을 터뜨리며 다시 추격에 시동을 걸었지만 경기 막바지 서명진의 결정적인 3점 포가 적중하며 결국 현대모비스가 마지막에 웃었습니다.
segments_ffmpeg\MYO_01585_00117.wav,여기 보시면 녹화 및 녹음을 브루 자체에서 직접 하실 수도 있어요.
segments_ffmpeg\MYP_00405_00118.wav,우리 시츄가 요즘 미쳐 날뛰고 있지 않나?
segments_ffmpeg\MYN_07602_00119.wav,정말 아침이 너무 편리해지겠죠?
segments_ffmpeg\MYP_00405_00120.wav,경기는 많고 가능성은 열려있는데 우리라고 우승 못 하란 법 있어?
segments_ffmpeg\MYM_01310_00121.wav,어 저도 근데 저는 숟가락을 어디다 아 여깄네요.
segments_ffmpeg\MYJ_02320_00122.wav,대개 이 샤워기가 아까 얘기했던 반대로 수그리야지 그 샤워가 됩니다.
segments_ffmpeg\MYD_05969_00123.wav,아직 20대 초반으로 비교적 어린 나이였던 디카프리오는 이 장면을 촬영할 때 실제로 많이 떨렸다고 한다.
segments_ffmpeg\MYK_01724_00124.wav,핑갈라 사바아사나 천천히 자리에 앉습니다.
segments_ffmpeg\KNC_02465_00125.wav,오늘 오후 6시까지 말레이시아를 떠나라는 통보를 받은 강철 북한 대사는 오전까지도 대사관을 나오지 않았습니다.
segments_ffmpeg\MYP_00405_00126.wav,"비록 카라바오컵은 탈락했지만, FA컵을 시작으로 리그와 챔스까지 올해야말로 트레블을 달성하며 맨시티를 유럽 정상에 올려놓겠다는 말이야."
segments_ffmpeg\MYB_01567_00127.wav,그래서 기본적으로 어 예 죽고 나서 부활까지 이렇게 해서 이길 수가 있다.
segments_ffmpeg\MYP_00405_00128.wav,리그는 이제 고작 절반 좀 넘게 지났을 뿐이고 챔스도 이제 겨우 16강이란 거 몰라?
segments_ffmpeg\MYP_00405_00129.wav,"찬물을 끼얹는 것 같아 죄송하지만, 맨시티가 트레블이요?"
segments_ffmpeg\MYC_08986_00130.wav,9번 플랫 1번 줄
